Date,Day,Seasonality,Rooms Available,Occupancy,Room Night OTB,Revenue,ADR,Lowest Rates,Competitor 1,Competitor 2,Competitor 3,Competitor 4,Competitor 5,Competitor 6,Competitor 7,Competitor 8,Competitor 9,Competitor 10,Search Demand This Year (City),Search Demand Previous Year (City)
1 Jan 2024,Mon,New Year,29,100%,29,"2,704.7",93.3,91.7,48.6,89.8,32.6,64.7,51.4,53.5,47.5,72.0,24.1,110.1,"2,941.1","2,929.5"
2 Jan 2024,Tue,,29,97%,28,"1,776.7",63.5,47.7,48.6,89.8,32.6,64.7,51.4,53.5,47.5,72.0,24.1,110.1,"2,941.1","2,929.5"
3 Jan 2024,Wed,,29,100%,29,"1,561.4",53.8,34.8,48.6,89.8,32.6,64.7,51.4,53.5,47.5,72.0,24.1,110.1,"2,941.1","2,929.5"
4 Jan 2024,Thu,,28,100%,28,"1,283.4",45.8,34.8,48.6,89.8,32.6,64.7,51.4,53.5,47.5,72.0,24.1,110.1,"2,941.1","2,929.5"
5 Jan 2024,Fri,,29,76%,22,854.4,38.8,34.8,48.6,89.8,32.6,64.7,51.4,53.5,47.5,72.0,24.1,110.1,"2,941.1","2,929.5"
6 Jan 2024,Sat,,28,96%,27,"1,096.4",40.6,34.8,48.6,89.8,32.6,64.7,51.4,53.5,47.5,72.0,24.1,110.1,"2,941.1","2,929.5"
7 Jan 2024,Sun,,29,69%,20,772.9,38.6,34.8,48.6,89.8,32.6,64.7,51.4,53.5,47.5,72.0,24.1,110.1,"2,941.1","2,929.5"
8 Jan 2024,Mon,,29,48%,14,596.9,42.6,34.8,48.6,89.8,32.6,64.7,51.4,53.5,47.5,72.0,24.1,110.1,"2,941.1","2,929.5"
9 Jan 2024,Tue,,29,59%,17,680.0,40.0,34.8,48.6,89.8,32.6,64.7,51.4,53.5,47.5,72.0,24.1,110.1,"2,941.1","2,929.5"
10 Jan 2024,Wed,,29,66%,19,736.9,38.8,34.8,48.6,89.8,32.6,64.7,51.4,53.5,47.5,72.0,24.1,110.1,"2,941.1","2,929.5"
11 Jan 2024,Thu,,29,86%,25,980.1,39.2,34.8,48.6,89.8,32.6,64.7,51.4,53.5,47.5,72.0,24.1,110.1,"2,941.1","2,929.5"
12 Jan 2024,Fri,,28,100%,28,"1,258.4",44.9,38.5,48.6,89.8,32.6,64.7,51.4,53.5,47.5,72.0,24.1,110.1,"2,941.1","2,929.5"
13 Jan 2024,Sat,,28,93%,26,"1,169.8",45.0,38.5,48.6,89.8,32.6,64.7,51.4,53.5,47.5,72.0,24.1,110.1,"2,941.1","2,929.5"
14 Jan 2024,Sun,,27,89%,24,942.0,39.2,34.8,48.6,89.8,32.6,64.7,51.4,53.5,47.5,72.0,24.1,110.1,"2,941.1","2,929.5"
15 Jan 2024,Mon,,29,93%,27,"1,139.7",42.2,34.8,48.6,89.8,32.6,64.7,51.4,53.5,47.5,72.0,24.1,110.1,"2,941.1","2,929.5"
16 Jan 2024,Tue,,29,66%,19,791.9,41.7,34.8,48.6,89.8,32.6,64.7,51.4,53.5,47.5,72.0,24.1,110.1,"2,941.1","2,929.5"
17 Jan 2024,Wed,,29,69%,20,727.3,36.4,34.8,48.6,89.8,32.6,64.7,51.4,53.5,47.5,72.0,24.1,110.1,"2,941.1","2,929.5"
18 Jan 2024,Thu,,29,59%,17,588.5,34.6,34.8,48.6,89.8,32.6,64.7,51.4,53.5,47.5,72.0,24.1,110.1,"2,941.1","2,929.5"
19 Jan 2024,Fri,,29,76%,22,847.5,38.5,36.7,48.6,89.8,32.6,64.7,51.4,53.5,47.5,72.0,24.1,110.1,"2,941.1","2,929.5"
20 Jan 2024,Sat,,29,86%,25,979.5,39.2,36.7,48.6,89.8,32.6,64.7,51.4,53.5,47.5,72.0,24.1,110.1,"2,941.1","2,929.5"
21 Jan 2024,Sun,,29,66%,19,684.4,36.0,34.8,48.6,89.8,32.6,64.7,51.4,53.5,47.5,72.0,24.1,110.1,"2,941.1","2,929.5"
22 Jan 2024,Mon,,29,55%,16,601.9,37.6,34.8,48.6,89.8,32.6,64.7,51.4,53.5,47.5,72.0,24.1,110.1,"2,941.1","2,929.5"
23 Jan 2024,Tue,,29,59%,17,646.0,38.0,34.8,48.6,89.8,32.6,64.7,51.4,53.5,47.5,72.0,24.1,110.1,"2,941.1","2,929.5"
24 Jan 2024,Wed,,29,45%,13,534.1,41.1,42.4,48.6,89.8,32.6,64.7,51.4,53.5,47.5,72.0,24.1,110.1,"2,941.1","2,929.5"
25 Jan 2024,Thu,,29,48%,14,555.7,39.7,42.4,48.6,89.8,32.6,64.7,51.4,53.5,47.5,72.0,24.1,110.1,"2,941.1","2,929.5"
26 Jan 2024,Fri,,27,44%,12,495.1,41.3,48.4,48.6,89.8,32.6,64.7,51.4,53.5,47.5,72.0,24.1,110.1,"2,941.1","2,929.5"
27 Jan 2024,Sat,,29,66%,19,751.8,39.6,48.4,48.6,89.8,32.6,64.7,51.4,53.5,47.5,72.0,24.1,110.1,"2,941.1","2,929.5"
28 Jan 2024,Sun,,29,66%,19,745.2,39.2,42.4,48.6,89.8,32.6,64.7,51.4,53.5,47.5,72.0,24.1,110.1,"2,941.1","2,929.5"
29 Jan 2024,Mon,,29,59%,17,686.2,40.4,42.4,48.6,89.8,32.6,64.7,51.4,53.5,47.5,72.0,24.1,110.1,"2,941.1","2,929.5"
30 Jan 2024,Tue,,28,54%,15,666.4,44.4,42.4,48.6,89.8,32.6,64.7,51.4,53.5,47.5,72.0,24.1,110.1,"2,941.1","2,929.5"
31 Jan 2024,Wed,,29,76%,22,883.3,40.1,42.4,48.6,89.8,32.6,64.7,51.4,53.5,47.5,72.0,24.1,110.1,"2,941.1","2,929.5"
1 Feb 2024,Thu,,29,72%,21,845.5,40.3,34.8,33.3,70.2,25.2,53.6,41.4,40.3,32.9,74.1,18.4,91.2,"7,740.8","7,774.8"
2 Feb 2024,Fri,,29,90%,26,963.8,37.1,34.8,33.3,70.2,25.2,53.6,41.4,40.3,32.9,74.1,18.4,91.2,"7,740.8","7,774.8"
3 Feb 2024,Sat,,29,66%,19,770.1,40.5,36.7,33.3,70.2,25.2,53.6,41.4,40.3,32.9,74.1,18.4,91.2,"7,740.8","7,774.8"
4 Feb 2024,Sun,,29,97%,28,985.7,35.2,34.8,33.3,70.2,25.2,53.6,41.4,40.3,32.9,74.1,18.4,91.2,"7,740.8","7,774.8"
5 Feb 2024,Mon,,29,86%,25,881.5,35.3,34.8,33.3,70.2,25.2,53.6,41.4,40.3,32.9,74.1,18.4,91.2,"7,740.8","7,774.8"
6 Feb 2024,Tue,,29,72%,21,834.9,39.8,34.8,44.4,79.9,28.2,70.0,54.5,48.5,36.2,65.7,20.9,114.6,"7,032.0","7,555.0"
7 Feb 2024,Wed,,29,66%,19,780.9,41.1,34.8,39.9,79.9,28.2,70.0,46.5,48.5,36.2,55.3,20.9,114.6,"8,626.0","8,069.0"
8 Feb 2024,Thu,Isra Mi'raj,26,100%,26,"1,159.1",44.6,40.3,39.9,118.5,SOLD,98.5,60.7,60.6,SOLD,61.1,SOLD,114.6,"8,703.0","8,299.0"
9 Feb 2024,Fri,CNY,27,100%,27,"1,171.0",43.4,42.4,39.9,179.1,SOLD,80.6,60.7,69.7,SOLD,89.1,SOLD,114.6,"9,357.0","9,763.0"
10 Feb 2024,Sat,CNY,29,48%,14,609.4,43.5,42.4,42.8,93.7,SOLD,68.9,67.5,60.6,45.3,89.1,28.0,114.6,"8,368.0","8,535.0"
11 Feb 2024,Sun,,29,41%,12,485.0,40.4,34.8,44.4,79.9,28.2,70.0,54.5,48.5,36.2,65.7,20.9,114.6,"7,032.0","7,555.0"
12 Feb 2024,Mon,,29,14%,4,150.7,37.7,34.8,39.9,79.9,28.2,70.0,46.5,48.5,36.2,55.3,20.9,114.6,"8,626.0","8,069.0"
13 Feb 2024,Tue,,29,31%,9,381.2,42.4,34.8,39.9,118.5,SOLD,98.5,60.7,60.6,SOLD,61.1,SOLD,114.6,"8,703.0","8,299.0"
14 Feb 2024,Wed,Election,29,31%,9,353.8,39.3,34.8,39.9,179.1,SOLD,80.6,60.7,69.7,SOLD,89.1,SOLD,114.6,"9,357.0","9,763.0"
15 Feb 2024,Thu,,30,30%,9,360.7,40.1,34.8,42.8,93.7,SOLD,68.9,67.5,60.6,45.3,89.1,28.0,114.6,"8,368.0","8,535.0"
16 Feb 2024,Fri,,30,13%,4,148.8,37.2,34.8,44.4,79.9,28.2,69.1,46.5,48.5,81.5,SOLD,23.6,114.6,"8,992.0","10,073.0"
17 Feb 2024,Sat,,30,13%,4,162.0,40.5,34.8,39.9,79.9,28.2,65.5,46.5,48.5,36.2,65.7,22.0,114.6,"9,604.0","9,521.0"
18 Feb 2024,Sun,,30,10%,3,107.5,35.8,34.8,39.9,79.9,28.2,67.8,46.5,48.5,36.2,61.1,20.9,114.6,"7,191.0","7,565.0"
19 Feb 2024,Mon,,30,20%,6,227.5,37.9,34.8,39.9,79.9,29.1,67.8,46.5,48.5,36.8,74.7,20.9,114.6,"7,726.0","7,764.0"
20 Feb 2024,Tue,,28,14%,4,160.9,40.2,34.8,42.8,79.9,28.2,67.8,53.7,48.5,36.8,74.7,20.9,114.6,"8,276.0","7,805.0"
21 Feb 2024,Wed,,28,11%,3,141.8,47.3,34.8,42.8,82.6,29.1,SOLD,51.7,48.5,34.7,178.5,20.9,114.6,"7,823.0","8,461.0"
22 Feb 2024,Thu,,28,11%,3,144.8,48.3,34.8,42.8,85.4,29.1,SOLD,51.7,48.5,34.7,75.4,20.9,114.6,"7,097.0","7,664.0"
23 Feb 2024,Fri,,28,32%,9,512.1,56.9,34.8,42.8,79.9,28.2,SOLD,51.7,48.5,34.7,80.4,20.9,114.6,"6,970.0","7,259.0"
24 Feb 2024,Sat,,29,28%,8,383.5,47.9,34.8,42.8,79.9,28.2,SOLD,51.7,48.5,34.7,80.4,20.9,114.6,"7,731.0","8,332.0"
25 Feb 2024,Sun,,30,17%,5,232.4,46.5,42.4,42.8,79.9,28.2,67.8,51.7,48.5,34.7,70.8,20.9,114.6,"5,750.0","5,906.0"
26 Feb 2024,Mon,,30,13%,4,171.3,42.8,42.4,42.8,79.9,28.2,67.8,51.7,48.5,34.7,80.4,20.9,125.3,"5,679.0","5,092.0"
27 Feb 2024,Tue,,30,0%,0,0.0,0.0,42.4,42.8,79.9,28.2,67.8,51.7,48.5,34.7,192.3,22.0,114.6,"7,156.0","5,778.0"
28 Feb 2024,Wed,,30,13%,4,173.0,43.3,42.4,42.8,82.6,28.2,70.9,51.7,48.5,34.7,117.2,20.9,114.6,"6,233.0","5,848.0"
29 Feb 2024,Thu,,30,10%,3,121.6,40.5,42.4,42.8,85.4,28.2,70.9,51.7,48.5,34.7,192.3,20.9,114.6,"5,379.0","5,084.0"
1 Mar 2024,Fri,,30,13%,4,172.8,43.2,48.4,42.8,79.9,28.2,64.2,51.7,48.5,34.7,65.8,20.9,125.3,"5,168.0","4,015.0"
2 Mar 2024,Sat,,30,13%,4,193.2,48.3,48.4,42.8,79.9,28.2,64.2,51.7,48.5,34.7,65.8,20.9,114.6,"5,196.0","4,655.0"
3 Mar 2024,Sun,,30,10%,3,132.8,44.3,42.4,42.8,79.9,28.2,64.2,51.7,48.5,34.7,70.8,20.9,114.6,"4,091.0","4,340.0"
4 Mar 2024,Mon,,30,10%,3,140.5,46.8,42.4,42.8,79.9,28.2,64.2,51.7,48.5,34.7,70.8,30.2,114.6,"4,570.0","8,709.0"
5 Mar 2024,Tue,,30,3%,1,42.1,42.1,42.4,42.8,79.9,28.2,64.2,51.7,48.5,34.7,148.0,30.2,114.6,"5,167.0","5,414.0"
6 Mar 2024,Wed,,30,10%,3,137.4,45.8,42.4,48.5,82.6,SOLD,64.5,51.7,48.5,34.7,96.6,20.9,114.6,"9,289.0","6,731.0"
7 Mar 2024,Thu,,30,13%,4,175.3,43.8,42.4,48.5,85.4,SOLD,64.5,51.7,48.5,34.7,75.4,20.9,114.6,"4,899.0","5,231.0"
8 Mar 2024,Fri,,30,10%,3,129.8,43.3,48.4,48.5,79.9,31.7,61.8,51.7,48.5,34.7,70.8,20.9,114.6,"4,527.0","4,848.0"
9 Mar 2024,Sat,,30,7%,2,82.3,41.2,48.4,48.5,79.9,31.7,61.8,51.7,48.5,34.7,140.4,20.9,114.6,"5,836.0","5,917.0"
10 Mar 2024,Sun,,30,3%,1,44.4,44.4,42.4,48.5,79.9,31.7,61.8,51.7,48.5,34.7,70.8,20.9,114.6,"4,526.0","4,095.0"
11 Mar 2024,Mon,Nyepi,30,3%,1,44.4,44.4,42.4,48.5,79.9,31.7,61.8,51.7,48.5,34.7,117.2,20.9,114.6,"4,421.0","4,894.0"
12 Mar 2024,Tue,Day 1 Fasting,30,0%,0,0.0,0.0,42.4,48.5,79.9,31.7,61.8,51.7,48.5,34.7,80.4,20.9,114.6,"4,939.0","5,064.0"
13 Mar 2024,Wed,,30,0%,0,0.0,0.0,42.4,48.5,82.6,31.7,64.5,51.7,48.5,34.7,85.1,20.9,114.6,"5,666.0","6,164.0"
14 Mar 2024,Thu,,30,7%,2,81.2,40.6,42.4,48.5,85.4,31.7,64.5,51.7,48.5,34.7,85.1,30.2,125.3,"5,175.0","5,562.0"
15 Mar 2024,Fri,,30,7%,2,81.2,40.6,48.4,SOLD,79.9,31.7,SOLD,SOLD,SOLD,SOLD,SOLD,30.2,SOLD,"5,170.0","4,726.0"
16 Mar 2024,Sat,,30,7%,2,81.2,40.6,48.4,SOLD,SOLD,31.7,SOLD,SOLD,SOLD,SOLD,SOLD,20.9,SOLD,"3,947.0","6,000.0"
17 Mar 2024,Sun,,30,0%,0,0.0,0.0,42.4,48.5,79.9,31.7,60.9,48.6,48.5,33.8,61.1,20.9,97.0,"4,555.0","4,232.0"
18 Mar 2024,Mon,,30,0%,0,0.0,0.0,42.4,48.5,79.9,31.7,60.9,48.6,48.5,33.8,61.1,20.9,97.0,"4,507.0","4,837.0"
19 Mar 2024,Tue,,30,0%,0,0.0,0.0,42.4,48.5,79.9,31.7,60.9,48.6,48.5,33.8,61.1,20.9,97.0,"5,086.0","4,901.0"
20 Mar 2024,Wed,,30,0%,0,0.0,0.0,42.4,48.5,82.6,31.7,63.6,48.6,48.5,33.8,59.6,20.9,97.0,"5,394.0","5,185.0"
21 Mar 2024,Thu,,30,0%,0,0.0,0.0,42.4,48.5,85.4,31.7,63.6,48.6,48.5,33.8,65.4,20.9,97.0,"4,302.0","4,701.0"
22 Mar 2024,Fri,,30,0%,0,0.0,0.0,48.4,48.5,79.9,31.7,60.9,48.6,48.5,33.8,55.3,20.9,97.0,"4,034.0","4,146.0"
23 Mar 2024,Sat,,30,0%,0,0.0,0.0,48.4,48.5,79.9,31.7,60.9,48.6,48.5,33.8,61.1,20.9,97.0,"4,921.0","5,350.0"
24 Mar 2024,Sun,,30,0%,0,0.0,0.0,42.4,48.5,79.9,31.7,60.9,48.6,48.5,33.8,61.1,30.2,97.0,"3,187.0","4,254.0"
25 Mar 2024,Mon,,30,3%,1,47.7,47.7,42.4,48.5,79.9,31.7,60.9,48.6,48.5,33.8,55.3,30.2,97.0,"4,386.0","2,588.0"
26 Mar 2024,Tue,,30,0%,0,0.0,0.0,42.4,48.5,79.9,31.7,60.9,48.6,48.5,33.8,55.3,20.9,97.0,"4,541.0","4,832.0"
27 Mar 2024,Wed,,30,3%,1,34.7,34.7,42.4,48.5,82.6,31.7,63.6,48.6,48.5,35.7,59.6,20.9,97.0,"5,349.0","4,847.0"
28 Mar 2024,Thu,,30,3%,1,34.7,34.7,42.4,48.5,85.4,31.7,63.6,48.6,48.5,33.8,59.6,20.9,97.0,"4,964.0","4,220.0"
29 Mar 2024,Fri,Good Friday,30,0%,0,0.0,0.0,48.4,48.5,79.9,31.7,60.9,48.6,48.5,33.8,61.1,20.9,97.0,"4,018.0","3,337.0"
30 Mar 2024,Sat,,30,0%,0,0.0,0.0,48.4,48.5,79.9,31.7,60.9,48.6,48.5,33.8,61.1,20.9,97.0,"4,809.0","3,696.0"
31 Mar 2024,Sun,Easter,30,3%,1,50.5,50.5,42.4,48.5,79.9,31.7,60.9,48.6,48.5,33.8,61.1,20.9,106.1,"3,480.0","2,860.0"
1 Apr 2024,Mon,,30,3%,1,50.5,50.5,42.4,48.5,79.9,31.7,60.9,48.6,48.5,33.8,55.3,20.9,97.0,"4,459.0","3,260.0"
2 Apr 2024,Tue,,30,0%,0,0.0,0.0,42.4,48.5,79.9,31.7,60.9,48.6,48.5,33.8,61.1,20.9,97.0,"6,321.0","3,547.0"
3 Apr 2024,Wed,,30,0%,0,0.0,0.0,42.4,48.5,82.6,31.7,63.6,50.5,48.5,33.8,65.4,20.9,97.0,"6,522.0","4,909.0"
4 Apr 2024,Thu,,30,0%,0,0.0,0.0,42.4,48.5,85.4,31.7,63.6,50.5,48.5,33.8,65.4,20.9,97.0,"4,389.0","8,899.0"
5 Apr 2024,Fri,,30,3%,1,47.5,47.5,48.4,48.5,79.9,31.7,60.9,50.5,48.5,33.8,55.3,20.9,97.0,"3,453.0","4,789.0"
6 Apr 2024,Sat,,30,3%,1,47.5,47.5,48.4,48.5,79.9,33.9,67.1,48.6,48.5,41.9,62.3,23.6,97.0,"7,012.0","5,462.0"
7 Apr 2024,Sun,,30,0%,0,0.0,0.0,42.4,48.5,79.9,33.9,67.1,48.6,48.5,41.9,62.3,23.6,97.0,"3,758.0","3,947.0"
8 Apr 2024,Mon,,30,0%,0,0.0,0.0,42.4,48.5,79.9,33.9,67.1,48.6,48.5,41.9,62.3,23.6,97.0,"3,484.0","4,736.0"
9 Apr 2024,Tue,,30,0%,0,0.0,0.0,75.6,48.5,79.9,33.9,67.1,48.6,48.5,41.9,62.3,23.6,97.0,"4,149.0","6,366.0"
10 Apr 2024,Wed,Eid Al-Fitr,30,0%,0,0.0,0.0,75.6,48.5,107.4,33.9,81.1,48.6,48.5,41.9,89.6,23.6,97.0,"4,195.0","6,758.0"
11 Apr 2024,Thu,Eid Al-Fitr,30,0%,0,0.0,0.0,75.6,48.5,107.4,33.9,81.1,48.6,48.5,53.4,89.6,23.6,97.0,"3,997.0","4,667.0"
12 Apr 2024,Fri,Eid Al-Fitr,30,0%,0,0.0,0.0,84.7,48.5,107.4,33.9,82.4,55.7,48.5,53.4,89.6,23.6,97.0,"3,286.0","3,705.0"
13 Apr 2024,Sat,Eid Al-Fitr,30,0%,0,0.0,0.0,84.7,48.5,107.4,33.9,82.4,55.7,48.5,56.3,89.6,30.2,97.0,"4,851.0","5,377.0"
14 Apr 2024,Sun,Eid Al-Fitr,30,3%,1,42.0,42.0,75.6,48.5,143.3,33.9,82.4,55.7,48.5,112.0,89.6,30.2,97.0,"3,297.0","3,667.0"
15 Apr 2024,Mon,Eid Al-Fitr,30,3%,1,42.0,42.0,75.6,48.5,143.3,46.3,82.4,55.7,48.5,53.4,89.6,30.2,97.0,"4,253.0","3,551.0"
16 Apr 2024,Tue,,30,3%,1,42.0,42.0,75.6,48.5,107.4,46.3,78.6,55.7,48.5,53.4,86.8,30.2,97.0,"4,014.0","3,825.0"
17 Apr 2024,Wed,,30,3%,1,42.0,42.0,75.6,48.5,107.4,46.3,78.6,55.7,48.5,56.3,86.8,30.2,97.0,"4,230.0","4,053.0"
18 Apr 2024,Thu,,30,0%,0,0.0,0.0,75.6,48.5,107.4,46.3,78.6,55.7,48.5,53.4,86.8,30.2,97.0,"3,795.0","3,572.0"
19 Apr 2024,Fri,,30,0%,0,0.0,0.0,84.7,48.5,86.8,46.3,73.4,55.7,48.5,53.4,86.8,30.2,97.0,"3,534.0","3,274.0"
20 Apr 2024,Sat,,30,0%,0,0.0,0.0,84.7,48.5,86.8,34.8,58.9,55.7,48.5,53.4,60.4,30.2,97.0,"4,726.0","3,756.0"
21 Apr 2024,Sun,,30,0%,0,0.0,0.0,42.4,48.5,86.8,33.9,58.9,55.7,48.5,41.9,60.4,23.6,97.0,"3,216.0","2,911.0"
22 Apr 2024,Mon,,30,0%,0,0.0,0.0,42.4,48.5,86.8,33.9,58.9,55.7,48.5,41.9,60.4,23.6,97.0,"3,429.0","3,039.0"
23 Apr 2024,Tue,,30,0%,0,0.0,0.0,42.4,48.5,86.8,33.9,58.9,48.6,48.5,41.9,60.4,23.6,97.0,"3,476.0","3,781.0"
24 Apr 2024,Wed,,30,0%,0,0.0,0.0,42.4,48.5,93.7,33.9,59.8,48.6,48.5,41.9,60.4,23.6,97.0,"4,162.0","3,968.0"
25 Apr 2024,Thu,,30,0%,0,0.0,0.0,42.4,48.5,93.7,33.9,59.8,48.6,48.5,41.9,60.4,23.6,97.0,"3,958.0","3,627.0"
26 Apr 2024,Fri,,30,0%,0,0.0,0.0,48.4,48.5,86.8,33.9,58.9,48.6,48.5,41.9,65.8,23.6,97.0,"3,289.0","3,154.0"
27 Apr 2024,Sat,,30,0%,0,0.0,0.0,48.4,48.5,86.8,33.9,58.9,48.6,48.5,41.9,60.4,23.6,97.0,"3,925.0","4,157.0"
28 Apr 2024,Sun,,30,13%,4,169.4,42.4,42.4,48.5,86.8,33.9,58.9,48.6,48.5,41.9,66.2,23.6,97.0,"2,775.0","2,485.0"
29 Apr 2024,Mon,,30,13%,4,169.4,42.4,42.4,48.5,86.8,33.9,58.9,48.6,48.5,41.9,66.2,23.6,97.0,"3,475.0","2,746.0"
30 Apr 2024,Tue,,30,3%,1,51.3,51.3,42.4,48.5,86.8,33.9,58.9,48.6,48.5,41.9,66.2,23.6,97.0,"3,538.0","3,159.0"
1 May 2024,Wed,Labour Day,30,0%,0,0.0,0.0,42.4,48.5,93.7,33.9,59.8,48.6,48.5,41.9,66.2,23.6,97.0,"3,483.0","3,566.0"
2 May 2024,Thu,,30,0%,0,0.0,0.0,42.4,54.2,93.7,33.9,59.8,48.6,48.5,41.9,66.2,23.6,106.1,"3,485.0","3,832.0"
3 May 2024,Fri,,30,0%,0,0.0,0.0,48.4,48.5,86.8,33.9,58.9,48.6,48.5,41.9,66.2,23.6,97.0,"3,159.0","3,281.0"
4 May 2024,Sat,,30,0%,0,0.0,0.0,48.4,48.5,86.8,33.9,58.9,48.6,48.5,41.9,66.2,23.6,97.0,"3,674.0","6,701.0"
5 May 2024,Sun,,30,0%,0,0.0,0.0,42.4,48.5,86.8,33.9,58.9,48.6,48.5,41.9,71.6,23.6,97.0,"2,674.0","3,770.0"
6 May 2024,Mon,,30,0%,0,0.0,0.0,42.4,48.5,86.8,33.1,58.9,50.5,48.5,41.9,66.2,23.6,97.0,"6,602.0","4,119.0"
7 May 2024,Tue,,30,0%,0,0.0,0.0,42.4,48.5,86.8,33.1,58.9,48.6,48.5,41.9,66.2,23.6,97.0,"3,935.0","3,814.0"
8 May 2024,Wed,,30,0%,0,0.0,0.0,42.4,54.2,93.7,33.1,58.9,48.6,48.5,41.9,66.2,23.6,97.0,"4,124.0","4,108.0"
9 May 2024,Thu,Ascension Day,30,3%,1,51.4,51.4,42.4,54.2,93.7,33.1,66.6,48.6,48.5,41.9,66.2,23.6,97.0,"3,482.0","3,393.0"
10 May 2024,Fri,,30,0%,0,0.0,0.0,48.4,48.5,86.8,33.1,66.6,48.6,48.5,41.9,66.2,23.6,97.0,"3,053.0","3,256.0"
11 May 2024,Sat,,30,0%,0,0.0,0.0,48.4,48.5,86.8,33.1,66.6,48.6,48.5,41.9,66.2,23.6,97.0,"4,424.0","4,213.0"
12 May 2024,Sun,,30,0%,0,0.0,0.0,42.4,48.5,86.8,33.1,66.6,48.6,48.5,41.9,66.2,23.6,97.0,"3,034.0","2,835.0"
13 May 2024,Mon,,30,3%,1,42.0,42.0,42.4,48.5,86.8,33.1,66.6,48.6,48.5,41.9,66.2,23.6,97.0,"3,245.0","3,454.0"
14 May 2024,Tue,,30,3%,1,42.0,42.0,42.4,48.5,86.8,SOLD,66.6,50.5,48.5,41.9,66.2,23.6,97.0,"3,410.0","3,642.0"
15 May 2024,Wed,,30,7%,2,93.3,46.7,42.4,48.5,93.7,SOLD,66.6,50.5,48.5,41.9,66.2,23.6,97.0,"3,925.0","3,577.0"
16 May 2024,Thu,,30,7%,2,93.3,46.7,42.4,48.5,93.7,33.1,62.3,50.5,48.5,41.9,63.0,23.6,97.0,"3,078.0","3,180.0"
17 May 2024,Fri,,30,0%,0,0.0,0.0,48.4,48.5,86.8,33.1,62.3,48.6,48.5,41.9,63.0,23.6,106.1,"2,774.0","3,197.0"
18 May 2024,Sat,,30,0%,0,0.0,0.0,48.4,48.5,86.8,33.1,62.3,48.6,48.5,41.9,71.3,23.6,97.0,"3,921.0","4,331.0"
19 May 2024,Sun,,30,0%,0,0.0,0.0,42.4,48.5,86.8,33.1,62.3,48.6,48.5,41.9,76.4,23.6,97.0,"2,852.0","2,779.0"
20 May 2024,Mon,,30,0%,0,0.0,0.0,42.4,48.5,86.8,33.1,60.7,48.6,48.5,41.9,63.0,23.6,97.0,"3,259.0","3,119.0"
21 May 2024,Tue,,30,0%,0,0.0,0.0,42.4,48.5,86.8,33.1,60.7,48.6,48.5,41.9,63.0,23.6,97.0,"3,025.0","4,160.0"
22 May 2024,Wed,,30,0%,0,0.0,0.0,42.4,48.5,93.7,33.1,59.1,48.6,48.5,41.9,63.0,23.6,97.0,"3,514.0","3,542.0"
23 May 2024,Thu,Vesak Day,30,0%,0,0.0,0.0,42.4,48.5,93.7,33.1,59.1,48.6,48.5,41.9,63.0,23.6,97.0,"2,934.0","3,158.0"
24 May 2024,Fri,,30,0%,0,0.0,0.0,48.4,48.5,86.8,33.1,60.7,48.6,48.5,41.9,63.0,23.6,97.0,"3,893.0","3,010.0"
25 May 2024,Sat,,30,0%,0,0.0,0.0,48.4,48.5,86.8,33.1,60.7,48.6,48.5,41.9,63.0,23.6,97.0,"4,051.0","3,608.0"
26 May 2024,Sun,,30,0%,0,0.0,0.0,42.4,48.5,86.8,33.1,60.7,48.6,48.5,41.9,63.0,23.6,97.0,"2,321.0","2,416.0"
27 May 2024,Mon,,30,0%,0,0.0,0.0,42.4,48.5,86.8,33.1,60.7,48.6,48.5,41.9,63.0,23.6,97.0,"2,760.0","2,396.0"
28 May 2024,Tue,,30,0%,0,0.0,0.0,42.4,48.5,86.8,33.1,60.7,50.5,48.5,41.9,63.0,23.6,97.0,"2,829.0","2,869.0"
29 May 2024,Wed,,30,0%,0,0.0,0.0,42.4,48.5,93.7,33.1,59.1,50.5,48.5,41.9,63.0,23.6,106.1,"3,323.0","3,241.0"
30 May 2024,Thu,,30,0%,0,0.0,0.0,42.4,48.5,93.7,33.1,59.1,50.5,48.5,41.9,63.0,23.6,97.0,"2,613.0","2,798.0"
31 May 2024,Fri,,30,0%,0,0.0,0.0,48.4,48.5,86.8,33.1,60.7,48.6,48.5,41.9,63.0,23.6,97.0,"2,249.0","2,328.0"
1 Jun 2024,Sat,Pancasila Day,30,0%,0,0.0,0.0,48.4,48.5,86.8,33.1,60.7,48.6,48.5,41.9,63.0,23.6,97.0,"2,596.0","2,744.0"
2 Jun 2024,Sun,,30,0%,0,0.0,0.0,42.4,48.5,86.8,33.1,60.7,48.6,48.5,41.9,63.0,23.6,97.0,"1,973.0","1,860.0"
3 Jun 2024,Mon,,30,0%,0,0.0,0.0,42.4,48.5,86.8,33.1,60.7,48.6,48.5,41.9,63.0,23.6,97.0,"2,083.0","2,184.0"
4 Jun 2024,Tue,,30,0%,0,0.0,0.0,42.4,48.5,86.8,33.1,60.7,48.6,48.5,41.9,63.0,23.6,97.0,"2,311.0","6,414.0"
5 Jun 2024,Wed,,30,0%,0,0.0,0.0,42.4,48.5,93.7,33.1,59.1,48.6,48.5,41.9,63.0,23.6,97.0,"2,718.0","3,681.0"
6 Jun 2024,Thu,,30,7%,2,89.5,44.8,42.4,48.5,93.7,31.7,59.1,50.5,48.5,41.9,68.2,23.6,97.0,"5,555.0","3,399.0"
7 Jun 2024,Fri,,30,7%,2,89.5,44.8,48.4,48.5,86.8,31.7,60.7,50.5,48.5,41.9,63.0,23.6,97.0,"2,843.0","3,224.0"
8 Jun 2024,Sat,,30,7%,2,89.5,44.8,48.4,48.5,86.8,31.7,60.7,48.6,48.5,41.9,63.0,23.6,97.0,"4,212.0","4,334.0"
9 Jun 2024,Sun,,30,7%,2,89.5,44.8,42.4,48.5,86.8,31.7,60.7,48.6,48.5,41.9,63.0,23.6,97.0,"2,830.0","2,993.0"
10 Jun 2024,Mon,,30,7%,2,89.5,44.8,42.4,48.5,86.8,31.7,60.7,48.6,48.5,41.9,73.5,23.6,97.0,"3,057.0","2,787.0"
11 Jun 2024,Tue,,30,0%,0,0.0,0.0,42.4,48.5,86.8,31.7,60.7,48.6,48.5,41.9,63.0,23.6,97.0,"3,228.0","3,198.0"
12 Jun 2024,Wed,,30,0%,0,0.0,0.0,42.4,48.5,93.7,31.7,59.1,48.6,48.5,41.9,63.0,23.6,97.0,"3,480.0","3,647.0"
13 Jun 2024,Thu,,30,3%,1,51.4,51.4,42.4,48.5,93.7,31.7,59.1,48.6,48.5,41.9,63.0,23.6,97.0,"3,209.0","3,336.0"
14 Jun 2024,Fri,,30,0%,0,0.0,0.0,48.4,48.5,86.8,31.7,60.7,48.6,48.5,41.9,71.3,23.6,106.1,"2,445.0","2,913.0"
15 Jun 2024,Sat,,30,0%,0,0.0,0.0,48.4,48.5,86.8,31.7,60.7,48.6,48.5,41.9,63.0,23.6,97.0,"4,143.0","3,875.0"
16 Jun 2024,Sun,,30,0%,0,0.0,0.0,42.4,48.5,86.8,31.7,60.7,48.6,48.5,41.9,76.4,23.6,97.0,"2,481.0","2,324.0"
17 Jun 2024,Mon,Idul Adha,30,0%,0,0.0,0.0,42.4,48.5,86.8,31.7,60.7,48.6,48.5,41.9,63.0,23.6,97.0,"2,426.0","2,536.0"
18 Jun 2024,Tue,,30,0%,0,0.0,0.0,42.4,48.5,86.8,31.7,60.7,48.6,48.5,41.9,63.0,23.6,97.0,"2,827.0","2,947.0"
19 Jun 2024,Wed,,30,0%,0,0.0,0.0,42.4,48.5,93.7,31.7,59.1,50.5,48.5,41.9,63.0,23.6,97.0,"2,957.0","3,260.0"
20 Jun 2024,Thu,,30,0%,0,0.0,0.0,42.4,48.5,93.7,31.7,59.1,50.5,48.5,41.9,63.0,23.6,97.0,"2,811.0","2,884.0"
21 Jun 2024,Fri,,30,3%,1,60.5,60.5,48.4,48.5,86.8,31.7,60.7,50.5,48.5,41.9,63.0,23.6,97.0,"2,418.0","2,695.0"
22 Jun 2024,Sat,,30,0%,0,0.0,0.0,48.4,48.5,86.8,31.7,60.7,50.5,48.5,41.9,63.0,23.6,97.0,"3,335.0","3,579.0"
23 Jun 2024,Sun,,30,0%,0,0.0,0.0,42.4,48.5,86.8,31.7,60.7,48.6,48.5,41.9,68.2,23.6,97.0,"1,985.0","2,511.0"
24 Jun 2024,Mon,,30,0%,0,0.0,0.0,42.4,48.5,86.8,31.7,60.7,48.6,48.5,41.9,63.0,23.6,97.0,"2,232.0","2,407.0"
25 Jun 2024,Tue,,30,0%,0,0.0,0.0,42.4,48.5,86.8,31.7,60.7,48.6,48.5,41.9,63.0,23.6,97.0,"2,644.0","2,713.0"
26 Jun 2024,Wed,,30,0%,0,0.0,0.0,42.4,48.5,93.7,31.7,59.1,48.6,48.5,41.9,63.0,23.6,97.0,"2,750.0","2,975.0"
27 Jun 2024,Thu,,30,3%,1,51.4,51.4,42.4,48.5,93.7,31.7,59.1,58.3,48.5,41.9,68.2,23.6,97.0,"3,242.0","3,350.0"
28 Jun 2024,Fri,,30,0%,0,0.0,0.0,48.4,48.5,86.8,31.7,60.7,58.3,48.5,41.9,68.2,23.6,97.0,"2,549.0","2,508.0"
29 Jun 2024,Sat,,30,0%,0,0.0,0.0,48.4,48.5,86.8,31.7,60.7,48.6,48.5,41.9,63.0,23.6,97.0,"3,650.0","3,047.0"
30 Jun 2024,Sun,,30,0%,0,0.0,0.0,42.4,48.5,86.8,31.7,60.7,48.6,48.5,41.9,63.0,23.6,97.0,"2,580.0","2,012.0"
1 Jul 2024,Mon,,30,0%,0,0.0,0.0,42.4,48.5,86.8,31.7,60.7,48.6,48.5,41.9,63.0,23.6,97.0,"2,221.0","2,258.0"
2 Jul 2024,Tue,,30,0%,0,0.0,0.0,42.4,48.5,86.8,31.7,60.7,48.6,48.5,41.9,63.0,23.6,97.0,"2,456.0","2,317.0"
3 Jul 2024,Wed,,30,0%,0,0.0,0.0,42.4,48.5,93.7,31.7,59.1,48.6,48.5,41.9,63.0,23.6,97.0,"2,973.0","3,027.0"
4 Jul 2024,Thu,,30,0%,0,0.0,0.0,42.4,48.5,93.7,31.7,59.1,48.6,48.5,41.9,63.0,23.6,97.0,"3,122.0","5,742.0"
5 Jul 2024,Fri,,30,0%,0,0.0,0.0,48.4,48.5,86.8,31.7,60.7,48.6,48.5,41.9,63.0,23.6,97.0,"2,705.0","3,050.0"
6 Jul 2024,Sat,,30,0%,0,0.0,0.0,48.4,48.5,86.8,33.1,69.2,51.8,69.7,41.9,99.2,26.2,130.3,"5,671.0","4,260.0"
7 Jul 2024,Sun,Islamic New Year,30,0%,0,0.0,0.0,42.4,48.5,86.8,33.1,69.2,51.8,69.7,41.9,115.7,26.2,130.3,"2,580.0","2,723.0"
8 Jul 2024,Mon,,30,0%,0,0.0,0.0,42.4,48.5,86.8,33.1,69.2,51.8,69.7,41.9,99.2,26.2,130.3,"2,765.0","2,718.0"
9 Jul 2024,Tue,,30,0%,0,0.0,0.0,42.4,48.5,86.8,33.1,69.2,51.8,69.7,41.9,82.7,26.2,130.3,"2,726.0","2,743.0"
10 Jul 2024,Wed,,30,0%,0,0.0,0.0,42.4,54.2,93.7,33.1,72.4,51.8,69.7,41.9,82.7,26.2,130.3,"3,279.0","3,026.0"
11 Jul 2024,Thu,,30,0%,0,0.0,0.0,42.4,54.2,93.7,33.1,72.4,51.8,69.7,41.9,82.7,26.2,130.3,"3,532.0","3,158.0"
12 Jul 2024,Fri,,30,0%,0,0.0,0.0,48.4,48.5,86.8,33.1,69.2,51.8,69.7,41.9,82.7,26.2,130.3,"2,876.0","2,752.0"
13 Jul 2024,Sat,,30,0%,0,0.0,0.0,48.4,48.5,86.8,33.1,69.2,51.8,69.7,41.9,82.7,26.2,130.3,"4,698.0","4,318.0"
14 Jul 2024,Sun,,30,0%,0,0.0,0.0,42.4,48.5,86.8,33.1,69.2,51.8,69.7,41.9,88.1,26.2,130.3,"2,574.0","2,533.0"
15 Jul 2024,Mon,,30,0%,0,0.0,0.0,42.4,48.5,86.8,33.1,69.2,51.8,69.7,41.9,82.7,26.2,130.3,"2,944.0","2,457.0"
16 Jul 2024,Tue,,30,0%,0,0.0,0.0,42.4,48.5,86.8,33.1,69.2,51.8,69.7,41.9,82.7,26.2,130.3,"2,714.0","2,512.0"
17 Jul 2024,Wed,,30,0%,0,0.0,0.0,42.4,54.2,93.7,33.1,72.4,51.8,69.7,41.9,82.7,26.2,142.4,"2,815.0","2,878.0"
18 Jul 2024,Thu,,30,0%,0,0.0,0.0,42.4,54.2,93.7,33.1,72.4,51.8,69.7,41.9,82.7,26.2,142.4,"2,940.0","3,109.0"
19 Jul 2024,Fri,,30,0%,0,0.0,0.0,48.4,48.5,86.8,33.1,69.2,51.8,69.7,41.9,82.7,26.2,160.6,"2,333.0","2,564.0"
20 Jul 2024,Sat,,30,0%,0,0.0,0.0,48.4,48.5,86.8,33.1,69.2,51.8,69.7,41.9,82.7,26.2,142.4,"3,578.0","3,425.0"
21 Jul 2024,Sun,,30,0%,0,0.0,0.0,42.4,48.5,86.8,33.1,69.2,51.8,69.7,41.9,88.1,26.2,142.4,"2,124.0","2,167.0"
22 Jul 2024,Mon,,30,0%,0,0.0,0.0,42.4,48.5,86.8,33.1,69.2,51.8,69.7,41.9,82.7,26.2,142.4,"2,394.0","2,063.0"
23 Jul 2024,Tue,,30,3%,1,44.8,44.8,42.4,48.5,86.8,33.1,69.2,51.8,69.7,41.9,82.7,26.2,160.6,"2,814.0","2,805.0"
24 Jul 2024,Wed,,30,3%,1,44.8,44.8,42.4,54.2,93.7,33.1,72.4,51.8,69.7,41.9,82.7,26.2,142.4,"2,656.0","2,538.0"
25 Jul 2024,Thu,,30,3%,1,44.8,44.8,42.4,54.2,93.7,33.1,72.4,51.8,69.7,41.9,82.7,26.2,142.4,"2,793.0","2,680.0"
26 Jul 2024,Fri,,30,3%,1,44.8,44.8,48.4,48.5,86.8,33.1,69.2,51.8,69.7,41.9,82.7,26.2,142.4,"2,109.0","2,326.0"
27 Jul 2024,Sat,,30,3%,1,44.8,44.8,48.4,48.5,86.8,33.1,69.2,51.8,69.7,41.9,82.7,26.2,160.6,"3,223.0","3,133.0"
28 Jul 2024,Sun,,30,0%,0,0.0,0.0,42.4,48.5,86.8,33.1,69.2,51.8,69.7,41.9,82.7,26.2,160.6,"1,977.0","1,950.0"
29 Jul 2024,Mon,,30,0%,0,0.0,0.0,42.4,48.5,86.8,33.1,69.2,51.8,69.7,41.9,82.7,26.2,142.4,"2,124.0","2,012.0"
30 Jul 2024,Tue,,30,0%,0,0.0,0.0,42.4,48.5,86.8,33.1,69.2,51.8,69.7,41.9,82.7,26.2,142.4,"2,363.0","2,134.0"
31 Jul 2024,Wed,,30,0%,0,0.0,0.0,42.4,54.2,93.7,33.1,72.4,51.8,69.7,41.9,82.7,26.2,142.4,"2,360.0","2,330.0"
1 Aug 2024,Thu,,30,0%,0,0.0,0.0,42.4,54.2,93.7,33.1,72.4,51.8,69.7,41.9,82.7,26.2,142.4,"2,598.0","2,679.0"
2 Aug 2024,Fri,,30,0%,0,0.0,0.0,48.4,48.5,86.8,33.1,69.2,51.8,69.7,41.9,82.7,26.2,142.4,"2,353.0","1,967.0"
3 Aug 2024,Sat,,30,0%,0,0.0,0.0,48.4,48.5,86.8,33.1,69.2,51.8,69.7,41.9,82.7,26.2,175.8,"2,443.0","2,484.0"
4 Aug 2024,Sun,,30,0%,0,0.0,0.0,42.4,48.5,86.8,33.1,69.2,51.8,69.7,41.9,82.7,26.2,175.8,"1,864.0","4,758.0"
5 Aug 2024,Mon,,30,0%,0,0.0,0.0,42.4,48.5,86.8,33.1,69.2,51.8,69.7,41.9,82.7,26.2,160.6,"2,046.0","2,440.0"
6 Aug 2024,Tue,,30,0%,0,0.0,0.0,42.4,48.5,86.8,33.1,69.2,51.8,69.7,41.9,82.7,26.2,160.6,"4,727.0","2,338.0"
7 Aug 2024,Wed,,30,0%,0,0.0,0.0,42.4,54.2,93.7,33.1,72.4,51.8,69.7,41.9,82.7,26.2,160.6,"2,786.0","2,760.0"
8 Aug 2024,Thu,,30,0%,0,0.0,0.0,42.4,54.2,93.7,33.1,72.4,51.8,69.7,41.9,82.7,26.2,160.6,"3,056.0","2,962.0"
9 Aug 2024,Fri,,30,0%,0,0.0,0.0,48.4,48.5,86.8,33.1,69.2,51.8,69.7,41.9,82.7,26.2,190.9,"2,582.0","2,544.0"
10 Aug 2024,Sat,,30,0%,0,0.0,0.0,48.4,48.5,86.8,33.1,69.2,51.8,69.7,41.9,82.7,26.2,200.0,"3,671.0","3,483.0"
11 Aug 2024,Sun,,30,0%,0,0.0,0.0,42.4,48.5,86.8,33.1,69.2,51.8,69.7,41.9,82.7,26.2,160.6,"2,478.0","2,233.0"
12 Aug 2024,Mon,,30,0%,0,0.0,0.0,42.4,48.5,86.8,33.1,69.2,51.8,69.7,41.9,82.7,26.2,160.6,"2,346.0","2,181.0"
13 Aug 2024,Tue,,30,0%,0,0.0,0.0,42.4,48.5,86.8,33.1,69.2,51.8,69.7,41.9,82.7,26.2,190.9,"2,794.0","2,581.0"
14 Aug 2024,Wed,,30,0%,0,0.0,0.0,42.4,54.2,93.7,33.1,72.4,51.8,69.7,41.9,82.7,26.2,190.9,"2,775.0","2,731.0"
15 Aug 2024,Thu,,30,0%,0,0.0,0.0,42.4,54.2,93.7,33.1,72.4,51.8,69.7,41.9,82.7,26.2,190.9,"3,606.0","2,873.0"
16 Aug 2024,Fri,,30,0%,0,0.0,0.0,48.4,48.5,86.8,33.1,69.2,51.8,69.7,41.9,82.7,26.2,200.0,"2,438.0","2,313.0"
17 Aug 2024,Sat,Independence Day,30,0%,0,0.0,0.0,48.4,48.5,86.8,33.1,69.2,51.8,69.7,41.9,82.7,26.2,200.0,"3,961.0","3,008.0"
18 Aug 2024,Sun,,30,0%,0,0.0,0.0,42.4,48.5,86.8,33.1,69.2,51.8,69.7,41.9,88.1,26.2,190.9,"2,066.0","2,115.0"
19 Aug 2024,Mon,,30,0%,0,0.0,0.0,42.4,48.5,86.8,33.1,69.2,51.8,69.7,41.9,82.7,26.2,190.9,"2,297.0","2,045.0"
20 Aug 2024,Tue,,30,0%,0,0.0,0.0,42.4,48.5,86.8,33.1,69.2,51.8,69.7,41.9,82.7,26.2,190.9,"2,540.0","2,137.0"
21 Aug 2024,Wed,,30,0%,0,0.0,0.0,42.4,54.2,93.7,33.1,72.4,51.8,69.7,41.9,82.7,26.2,190.9,"2,357.0","2,023.0"
22 Aug 2024,Thu,,30,0%,0,0.0,0.0,42.4,54.2,93.7,33.1,72.4,51.8,69.7,41.9,82.7,26.2,190.9,"2,287.0","1,946.0"
23 Aug 2024,Fri,,30,3%,1,47.5,47.5,48.4,48.5,86.8,33.1,69.2,51.8,69.7,41.9,82.7,26.2,175.8,"1,851.0","2,004.0"
24 Aug 2024,Sat,,30,0%,0,0.0,0.0,48.4,48.5,86.8,33.1,69.2,51.8,69.7,41.9,82.7,26.2,175.8,"2,506.0","2,281.0"
25 Aug 2024,Sun,,30,0%,0,0.0,0.0,42.4,48.5,86.8,33.1,69.2,51.8,69.7,41.9,82.7,26.2,190.9,"1,799.0","1,488.0"
26 Aug 2024,Mon,,30,0%,0,0.0,0.0,42.4,48.5,86.8,33.1,69.2,51.8,69.7,41.9,82.7,26.2,190.9,"1,699.0","1,441.0"
27 Aug 2024,Tue,,30,0%,0,0.0,0.0,42.4,48.5,86.8,33.1,69.2,51.8,69.7,41.9,82.7,26.2,175.8,"1,851.0","1,621.0"
28 Aug 2024,Wed,,30,0%,0,0.0,0.0,42.4,54.2,93.7,33.1,72.4,51.8,69.7,41.9,82.7,26.2,190.9,"1,739.0","1,753.0"
29 Aug 2024,Thu,,30,0%,0,0.0,0.0,42.4,54.2,93.7,33.1,72.4,51.8,69.7,41.9,88.1,26.2,175.8,"1,732.0","1,539.0"
30 Aug 2024,Fri,,30,3%,1,48.4,48.4,48.4,48.5,86.8,33.1,69.2,51.8,69.7,41.9,82.7,26.2,160.6,"1,444.0","1,300.0"
31 Aug 2024,Sat,,30,3%,1,48.4,48.4,48.4,48.5,86.8,33.1,69.2,51.8,69.7,41.9,82.7,26.2,175.8,"1,779.0","1,627.0"
1 Sep 2024,Sun,,30,0%,0,0.0,0.0,42.4,48.5,86.8,33.1,69.2,51.8,69.7,41.9,88.1,26.2,160.6,"1,219.0","1,034.0"
2 Sep 2024,Mon,,30,0%,0,0.0,0.0,42.4,48.5,86.8,33.1,69.2,51.8,69.7,41.9,82.7,26.2,200.0,"1,274.0","1,162.0"
3 Sep 2024,Tue,,30,0%,0,0.0,0.0,42.4,48.5,86.8,33.1,69.2,51.8,69.7,41.9,82.7,26.2,175.8,"1,261.0","1,493.0"
4 Sep 2024,Wed,,30,0%,0,0.0,0.0,42.4,54.2,93.7,33.1,72.4,51.8,69.7,41.9,82.7,26.2,160.6,"1,412.0","4,007.0"
5 Sep 2024,Thu,,30,0%,0,0.0,0.0,42.4,54.2,93.7,33.1,72.4,51.8,69.7,41.9,82.7,26.2,160.6,"1,446.0","2,169.0"
6 Sep 2024,Fri,,30,0%,0,0.0,0.0,48.4,48.5,86.8,33.1,62.3,48.6,48.5,41.9,63.0,SOLD,93.9,"3,064.0","1,772.0"
7 Sep 2024,Sat,,30,0%,0,0.0,0.0,48.4,48.5,86.8,33.1,62.3,48.6,48.5,41.9,63.0,SOLD,93.9,"2,545.0","2,831.0"
8 Sep 2024,Sun,,30,0%,0,0.0,0.0,42.4,48.5,86.8,33.1,62.3,48.6,48.5,41.9,63.0,SOLD,93.9,"2,713.0","1,736.0"
9 Sep 2024,Mon,,30,0%,0,0.0,0.0,42.4,48.5,86.8,33.1,62.3,48.6,48.5,41.9,63.0,SOLD,93.9,"1,580.0","1,667.0"
10 Sep 2024,Tue,,30,0%,0,0.0,0.0,42.4,48.5,86.8,33.1,62.3,48.6,48.5,41.9,63.0,SOLD,93.9,"1,685.0","1,676.0"
11 Sep 2024,Wed,,30,0%,0,0.0,0.0,42.4,54.2,93.7,33.1,62.3,48.6,48.5,41.9,63.0,SOLD,93.9,"1,763.0","1,915.0"
12 Sep 2024,Thu,,30,0%,0,0.0,0.0,42.4,54.2,93.7,33.1,62.3,48.6,48.5,41.9,63.0,SOLD,93.9,"1,991.0","1,870.0"
13 Sep 2024,Fri,,30,0%,0,0.0,0.0,48.4,48.5,86.8,33.1,62.3,48.6,48.5,41.9,63.0,SOLD,93.9,"1,617.0","1,764.0"
14 Sep 2024,Sat,,30,0%,0,0.0,0.0,48.4,48.5,86.8,33.1,62.3,48.6,48.5,41.9,63.0,SOLD,93.9,"2,377.0","2,240.0"
15 Sep 2024,Sun,Maulid Nabi Muhammad,30,0%,0,0.0,0.0,42.4,48.5,86.8,33.1,62.3,48.6,48.5,41.9,63.0,SOLD,93.9,"1,726.0","1,286.0"
16 Sep 2024,Mon,Maulid Nabi Muhammad,30,0%,0,0.0,0.0,42.4,48.5,86.8,33.1,62.3,48.6,48.5,41.9,63.0,SOLD,93.9,"1,550.0","1,473.0"
17 Sep 2024,Tue,,30,0%,0,0.0,0.0,42.4,48.5,86.8,33.1,62.3,48.6,48.5,41.9,63.0,SOLD,93.9,"2,032.0","1,664.0"
18 Sep 2024,Wed,,30,0%,0,0.0,0.0,42.4,54.2,93.7,33.1,62.3,48.6,48.5,41.9,63.0,SOLD,93.9,"1,816.0","1,961.0"
19 Sep 2024,Thu,,30,0%,0,0.0,0.0,42.4,54.2,93.7,33.1,62.3,48.6,48.5,41.9,68.2,SOLD,93.9,"2,211.0","2,017.0"
20 Sep 2024,Fri,,30,0%,0,0.0,0.0,48.4,48.5,86.8,33.1,62.3,48.6,48.5,41.9,63.0,SOLD,103.0,"1,731.0","1,710.0"
21 Sep 2024,Sat,,30,0%,0,0.0,0.0,48.4,48.5,86.8,33.1,62.3,48.6,48.5,41.9,63.0,SOLD,93.9,"2,169.0","2,312.0"
22 Sep 2024,Sun,,30,0%,0,0.0,0.0,42.4,48.5,86.8,33.1,62.3,48.6,48.5,41.9,68.2,SOLD,93.9,"1,474.0","1,280.0"
23 Sep 2024,Mon,,30,0%,0,0.0,0.0,42.4,48.5,86.8,33.1,62.3,48.6,48.5,41.9,63.0,SOLD,93.9,"1,630.0","1,311.0"
24 Sep 2024,Tue,,30,0%,0,0.0,0.0,42.4,48.5,86.8,33.1,62.3,48.6,48.5,41.9,63.0,SOLD,93.9,"1,620.0","1,488.0"
25 Sep 2024,Wed,,30,0%,0,0.0,0.0,42.4,54.2,93.7,33.1,62.3,48.6,48.5,41.9,63.0,SOLD,93.9,"2,295.0","1,785.0"
26 Sep 2024,Thu,,30,0%,0,0.0,0.0,42.4,54.2,93.7,33.1,62.3,48.6,48.5,41.9,63.0,SOLD,93.9,"1,960.0","1,863.0"
27 Sep 2024,Fri,,30,0%,0,0.0,0.0,48.4,48.5,86.8,33.1,62.3,48.6,48.5,41.9,63.0,SOLD,93.9,"1,490.0","1,515.0"
28 Sep 2024,Sat,,30,0%,0,0.0,0.0,48.4,48.5,86.8,33.1,62.3,48.6,48.5,41.9,63.0,SOLD,93.9,"2,169.0","1,849.0"
29 Sep 2024,Sun,,30,0%,0,0.0,0.0,42.4,48.5,86.8,33.1,62.3,48.6,48.5,41.9,68.2,SOLD,93.9,"1,228.0","1,013.0"
30 Sep 2024,Mon,,30,0%,0,0.0,0.0,42.4,48.5,86.8,33.1,62.3,48.6,48.5,41.9,63.0,SOLD,93.9,"1,290.0","1,010.0"
1 Oct 2024,Tue,,30,0%,0,0.0,0.0,42.4,48.5,86.8,33.1,62.3,48.6,48.5,41.9,63.0,SOLD,93.9,"1,192.0","1,286.0"
2 Oct 2024,Wed,,30,0%,0,0.0,0.0,42.4,54.2,93.7,33.1,62.3,48.6,48.5,41.9,63.0,SOLD,93.9,"1,540.0","1,200.0"
3 Oct 2024,Thu,,30,0%,0,0.0,0.0,42.4,54.2,93.7,33.1,62.3,48.6,48.5,41.9,63.0,SOLD,93.9,"1,663.0","1,387.0"
4 Oct 2024,Fri,,30,0%,0,0.0,0.0,48.4,48.5,86.8,33.1,62.3,48.6,48.5,41.9,63.0,SOLD,93.9,"1,177.0","2,581.0"
5 Oct 2024,Sat,,30,0%,0,0.0,0.0,48.4,48.5,86.8,33.1,62.3,48.6,48.5,41.9,63.0,SOLD,93.9,"1,541.0","1,948.0"
6 Oct 2024,Sun,,30,0%,0,0.0,0.0,42.4,48.5,86.8,33.1,62.3,48.6,54.5,41.9,63.0,23.6,90.9,"2,763.0","1,173.0"
7 Oct 2024,Mon,,30,0%,0,0.0,0.0,42.4,48.5,86.8,33.1,62.3,48.6,54.5,41.9,63.0,23.6,90.9,"1,335.0","1,148.0"
8 Oct 2024,Tue,,30,0%,0,0.0,0.0,42.4,48.5,86.8,SOLD,62.3,48.6,54.5,41.9,63.0,23.6,90.9,"1,426.0","1,283.0"
9 Oct 2024,Wed,,30,0%,0,0.0,0.0,42.4,54.2,93.7,SOLD,62.3,48.6,54.5,41.9,63.0,23.6,90.9,"1,704.0","1,480.0"
10 Oct 2024,Thu,,30,0%,0,0.0,0.0,42.4,54.2,93.7,SOLD,62.3,48.6,54.5,41.9,63.0,23.6,90.9,"1,576.0","1,534.0"
11 Oct 2024,Fri,,30,0%,0,0.0,0.0,48.4,48.5,86.8,33.1,62.3,48.6,54.5,41.9,63.0,23.6,90.9,"1,252.0","1,285.0"
12 Oct 2024,Sat,,30,0%,0,0.0,0.0,48.4,48.5,86.8,33.1,62.3,48.6,54.5,41.9,63.0,23.6,90.9,"1,880.0","1,643.0"
13 Oct 2024,Sun,,30,0%,0,0.0,0.0,42.4,48.5,86.8,33.1,62.3,48.6,48.5,41.9,63.0,23.6,90.9,"1,150.0","1,149.0"
14 Oct 2024,Mon,,30,0%,0,0.0,0.0,42.4,48.5,86.8,33.1,62.3,48.6,48.5,41.9,63.0,23.6,90.9,"1,136.0",939.0
15 Oct 2024,Tue,,30,0%,0,0.0,0.0,42.4,48.5,86.8,33.1,62.3,48.6,48.5,41.9,63.0,23.6,90.9,"1,593.0","1,074.0"
16 Oct 2024,Wed,,30,0%,0,0.0,0.0,42.4,54.2,93.7,33.1,62.3,48.6,48.5,41.9,63.0,23.6,90.9,"1,364.0","1,157.0"
17 Oct 2024,Thu,,30,0%,0,0.0,0.0,42.4,54.2,93.7,33.1,62.3,48.6,48.5,41.9,63.0,23.6,90.9,"1,363.0","1,193.0"
18 Oct 2024,Fri,,30,0%,0,0.0,0.0,48.4,48.5,86.8,33.1,62.3,48.6,48.5,41.9,63.0,23.6,90.9,"1,165.0","1,152.0"
19 Oct 2024,Sat,,30,0%,0,0.0,0.0,48.4,48.5,86.8,33.1,62.3,48.6,48.5,41.9,63.0,23.6,90.9,"1,617.0","1,500.0"
20 Oct 2024,Sun,,30,0%,0,0.0,0.0,42.4,48.5,86.8,33.1,62.3,48.6,48.5,41.9,63.0,23.6,90.9,"1,003.0",799.0
21 Oct 2024,Mon,,30,0%,0,0.0,0.0,42.4,48.5,86.8,33.1,62.3,48.6,48.5,41.9,63.0,23.6,90.9,"1,134.0",828.0
22 Oct 2024,Tue,,30,0%,0,0.0,0.0,42.4,48.5,86.8,33.1,62.3,48.6,48.5,70.4,63.0,23.6,90.9,"1,098.0","1,018.0"
23 Oct 2024,Wed,,30,0%,0,0.0,0.0,42.4,54.2,93.7,33.1,62.3,48.6,48.5,70.4,63.0,23.6,90.9,"1,250.0","1,032.0"
24 Oct 2024,Thu,,30,0%,0,0.0,0.0,42.4,54.2,93.7,33.1,62.3,48.6,48.5,70.4,63.0,23.6,90.9,"1,072.0",897.0
25 Oct 2024,Fri,,30,0%,0,0.0,0.0,48.4,48.5,86.8,33.1,62.3,48.6,48.5,70.4,63.0,23.6,93.9,"1,038.0",898.0
26 Oct 2024,Sat,,30,0%,0,0.0,0.0,48.4,48.5,86.8,33.1,62.3,48.6,48.5,70.4,63.0,23.6,90.9,"1,226.0","1,195.0"
27 Oct 2024,Sun,,30,0%,0,0.0,0.0,42.4,48.5,86.8,33.1,62.3,48.6,48.5,70.4,63.0,23.6,90.9,719.0,588.0
28 Oct 2024,Mon,,30,0%,0,0.0,0.0,42.4,48.5,86.8,33.1,62.3,48.6,48.5,70.4,63.0,23.6,90.9,748.0,644.0
29 Oct 2024,Tue,,30,0%,0,0.0,0.0,42.4,48.5,86.8,33.1,62.3,48.6,48.5,70.4,63.0,23.6,90.9,856.0,630.0
30 Oct 2024,Wed,,30,0%,0,0.0,0.0,42.4,54.2,93.7,33.1,62.3,48.6,48.5,70.4,63.0,23.6,90.9,819.0,528.0
31 Oct 2024,Thu,,30,0%,0,0.0,0.0,42.4,54.2,93.7,33.1,62.3,48.6,48.5,70.4,63.0,23.6,90.9,721.0,523.0
1 Nov 2024,Fri,Diwali,30,0%,0,0.0,0.0,48.4,48.5,86.8,33.1,62.3,48.6,48.5,70.4,63.0,23.6,90.9,607.0,446.0
2 Nov 2024,Sat,,30,0%,0,0.0,0.0,48.4,48.5,86.8,33.1,62.3,48.6,48.5,70.4,63.0,23.6,90.9,752.0,506.0
3 Nov 2024,Sun,,30,0%,0,0.0,0.0,42.4,48.5,86.8,33.1,62.3,48.6,48.5,70.4,63.0,23.6,90.9,442.0,340.0
4 Nov 2024,Mon,,30,0%,0,0.0,0.0,42.4,48.5,86.8,33.1,62.3,48.6,48.5,70.4,63.0,23.6,90.9,498.0,"1,871.0"
5 Nov 2024,Tue,,30,0%,0,0.0,0.0,42.4,48.5,86.8,33.1,62.3,48.6,48.5,70.4,63.0,23.6,90.9,535.0,692.0
6 Nov 2024,Wed,,30,0%,0,0.0,0.0,42.4,54.2,93.7,33.1,62.3,48.6,48.5,70.4,63.0,23.6,90.9,"2,140.0",871.0
7 Nov 2024,Thu,,30,0%,0,0.0,0.0,42.4,54.2,93.7,33.1,62.3,48.6,48.5,70.4,63.0,23.6,90.9,806.0,783.0
8 Nov 2024,Fri,,30,0%,0,0.0,0.0,48.4,48.5,86.8,33.1,62.3,48.6,48.5,70.4,63.0,23.6,90.9,742.0,694.0
9 Nov 2024,Sat,,30,0%,0,0.0,0.0,48.4,48.5,86.8,33.1,62.3,48.6,48.5,70.4,63.0,23.6,90.9,"1,210.0",959.0
10 Nov 2024,Sun,,30,0%,0,0.0,0.0,42.4,48.5,86.8,33.1,62.3,48.6,48.5,70.4,63.0,23.6,90.9,563.0,480.0
11 Nov 2024,Mon,,30,0%,0,0.0,0.0,42.4,48.5,86.8,33.1,62.3,48.6,48.5,70.4,63.0,23.6,90.9,646.0,628.0
12 Nov 2024,Tue,,30,0%,0,0.0,0.0,42.4,48.5,86.8,33.1,62.3,48.6,48.5,70.4,63.0,23.6,90.9,788.0,654.0
13 Nov 2024,Wed,,30,0%,0,0.0,0.0,42.4,54.2,93.7,33.1,62.3,48.6,48.5,70.4,63.0,23.6,90.9,781.0,847.0
14 Nov 2024,Thu,,30,0%,0,0.0,0.0,42.4,54.2,93.7,33.1,62.3,48.6,48.5,70.4,63.0,23.6,90.9,652.0,528.0
15 Nov 2024,Fri,,30,0%,0,0.0,0.0,48.4,48.5,86.8,33.1,62.3,48.6,48.5,70.4,63.0,23.6,90.9,734.0,588.0
16 Nov 2024,Sat,,30,0%,0,0.0,0.0,48.4,48.5,86.8,33.1,62.3,48.6,48.5,70.4,63.0,23.6,90.9,923.0,768.0
17 Nov 2024,Sun,,30,0%,0,0.0,0.0,42.4,48.5,86.8,33.1,62.3,48.6,48.5,70.4,63.0,23.6,90.9,462.0,473.0
18 Nov 2024,Mon,,30,0%,0,0.0,0.0,42.4,48.5,86.8,33.1,62.3,48.6,48.5,70.4,63.0,23.6,90.9,552.0,558.0
19 Nov 2024,Tue,,30,0%,0,0.0,0.0,42.4,48.5,86.8,33.1,62.3,48.6,48.5,70.4,63.0,23.6,90.9,587.0,597.0
20 Nov 2024,Wed,,30,0%,0,0.0,0.0,42.4,54.2,93.7,33.1,62.3,48.6,48.5,70.4,63.0,23.6,90.9,708.0,704.0
21 Nov 2024,Thu,,30,0%,0,0.0,0.0,42.4,54.2,93.7,33.1,62.3,48.6,48.5,70.4,63.0,23.6,90.9,662.0,612.0
22 Nov 2024,Fri,,30,0%,0,0.0,0.0,48.4,48.5,86.8,33.1,62.3,48.6,48.5,70.4,63.0,23.6,90.9,575.0,599.0
23 Nov 2024,Sat,,30,0%,0,0.0,0.0,48.4,48.5,86.8,33.1,62.3,48.6,48.5,70.4,63.0,23.6,90.9,749.0,773.0
24 Nov 2024,Sun,,30,0%,0,0.0,0.0,42.4,48.5,86.8,33.1,62.3,48.6,48.5,70.4,63.0,23.6,90.9,389.0,343.0
25 Nov 2024,Mon,,30,0%,0,0.0,0.0,42.4,48.5,86.8,33.1,62.3,48.6,48.5,70.4,63.0,23.6,90.9,556.0,387.0
26 Nov 2024,Tue,,30,0%,0,0.0,0.0,42.4,48.5,86.8,33.1,62.3,48.6,48.5,70.4,63.0,23.6,90.9,548.0,444.0
27 Nov 2024,Wed,,30,0%,0,0.0,0.0,42.4,54.2,93.7,33.1,62.3,48.6,48.5,70.4,63.0,23.6,90.9,637.0,395.0
28 Nov 2024,Thu,,30,0%,0,0.0,0.0,42.4,54.2,93.7,33.1,62.3,48.6,48.5,70.4,63.0,23.6,90.9,479.0,321.0
29 Nov 2024,Fri,,30,0%,0,0.0,0.0,48.4,48.5,86.8,SOLD,62.3,48.6,48.5,70.4,63.0,23.6,90.9,455.0,306.0
30 Nov 2024,Sat,,30,0%,0,0.0,0.0,48.4,48.5,86.8,SOLD,62.3,48.6,48.5,70.4,63.0,23.6,90.9,493.0,336.0
1 Dec 2024,Sun,,30,0%,0,0.0,0.0,42.4,48.5,86.8,33.1,62.3,48.6,48.5,70.4,63.0,23.6,90.9,278.0,204.0
2 Dec 2024,Mon,,30,0%,0,0.0,0.0,42.4,48.5,86.8,33.1,62.3,48.6,48.5,70.4,63.0,23.6,90.9,275.0,217.0
3 Dec 2024,Tue,,30,0%,0,0.0,0.0,42.4,48.5,86.8,33.1,62.3,48.6,48.5,70.4,63.0,23.6,90.9,320.0,263.0
4 Dec 2024,Wed,,30,0%,0,0.0,0.0,42.4,54.2,93.7,33.1,62.3,48.6,48.5,70.4,63.0,23.6,90.9,288.0,"1,118.0"
5 Dec 2024,Thu,,30,0%,0,0.0,0.0,42.4,54.2,93.7,33.1,62.3,48.6,48.5,70.4,63.0,23.6,90.9,278.0,369.0
6 Dec 2024,Fri,,30,0%,0,0.0,0.0,48.4,48.5,86.8,33.1,62.3,48.6,48.5,70.4,63.0,23.6,84.8,927.0,329.0
7 Dec 2024,Sat,,30,0%,0,0.0,0.0,48.4,48.5,86.8,33.1,62.3,48.6,48.5,70.4,63.0,23.6,84.8,544.0,484.0
8 Dec 2024,Sun,,30,0%,0,0.0,0.0,42.4,48.5,86.8,33.1,62.3,48.6,48.5,70.4,63.0,23.6,84.8,260.0,233.0
9 Dec 2024,Mon,,30,0%,0,0.0,0.0,42.4,48.5,86.8,33.1,62.3,48.6,48.5,70.4,63.0,23.6,84.8,302.0,290.0
10 Dec 2024,Tue,,30,0%,0,0.0,0.0,42.4,48.5,86.8,33.1,62.3,48.6,48.5,70.4,63.0,23.6,84.8,293.0,267.0
11 Dec 2024,Wed,,30,0%,0,0.0,0.0,42.4,54.2,93.7,33.1,62.3,48.6,48.5,70.4,63.0,23.6,84.8,422.0,324.0
12 Dec 2024,Thu,,30,0%,0,0.0,0.0,42.4,54.2,93.7,33.1,62.3,48.6,48.5,70.4,63.0,23.6,84.8,382.0,276.0
13 Dec 2024,Fri,,30,0%,0,0.0,0.0,48.4,48.5,86.8,33.1,62.3,48.6,48.5,70.4,63.0,23.6,84.8,334.0,359.0
14 Dec 2024,Sat,,30,0%,0,0.0,0.0,48.4,48.5,86.8,33.1,62.3,48.6,48.5,70.4,63.0,23.6,84.8,411.0,360.0
15 Dec 2024,Sun,,30,0%,0,0.0,0.0,42.4,48.5,86.8,33.1,62.3,48.6,48.5,70.4,63.0,23.6,84.8,265.0,191.0
16 Dec 2024,Mon,,30,0%,0,0.0,0.0,42.4,48.5,86.8,33.1,62.3,48.6,48.5,70.4,63.0,23.6,84.8,219.0,239.0
17 Dec 2024,Tue,,30,0%,0,0.0,0.0,42.4,48.5,86.8,33.1,62.3,48.6,48.5,70.4,63.0,23.6,84.8,275.0,293.0
18 Dec 2024,Wed,,30,0%,0,0.0,0.0,42.4,54.2,93.7,33.1,62.3,48.6,48.5,70.4,63.0,23.6,84.8,308.0,374.0
19 Dec 2024,Thu,,30,0%,0,0.0,0.0,42.4,54.2,93.7,33.1,62.3,48.6,48.5,70.4,63.0,23.6,84.8,393.0,400.0
20 Dec 2024,Fri,,30,0%,0,0.0,0.0,"3,666.7",48.5,86.8,33.1,62.3,48.6,48.5,70.4,63.0,23.6,90.9,409.0,350.0
21 Dec 2024,Sat,,30,0%,0,0.0,0.0,"3,666.7",48.5,86.8,33.1,62.3,48.6,48.5,70.4,63.0,23.6,90.9,465.0,412.0
22 Dec 2024,Sun,,30,0%,0,0.0,0.0,"3,666.7",48.5,86.8,33.1,62.3,48.6,48.5,70.4,63.0,23.6,90.9,248.0,241.0
23 Dec 2024,Mon,,30,0%,0,0.0,0.0,"3,666.7",48.5,86.8,33.1,62.3,48.6,48.5,70.4,63.0,23.6,90.9,323.0,532.0
24 Dec 2024,Tue,Christmas,30,0%,0,0.0,0.0,"3,666.7",48.5,86.8,33.1,62.3,48.6,48.5,70.4,63.0,26.9,90.9,460.0,592.0
25 Dec 2024,Wed,Christmas,30,0%,0,0.0,0.0,"3,666.7",54.2,148.8,33.1,72.4,48.6,84.8,70.4,107.7,26.9,90.9,"1,057.0","1,083.0"
26 Dec 2024,Thu,,30,0%,0,0.0,0.0,"3,666.7",54.2,148.8,33.1,72.4,103.3,84.8,70.4,107.7,26.9,145.5,"1,210.0","1,125.0"
27 Dec 2024,Fri,,30,0%,0,0.0,0.0,"3,666.7",48.5,148.8,33.1,69.2,103.3,84.8,70.4,107.7,30.2,145.5,968.0,388.0
28 Dec 2024,Sat,,30,0%,0,0.0,0.0,"3,666.7",48.5,148.8,33.1,69.2,146.0,84.8,70.4,107.7,30.2,145.5,"1,101.0",379.0
29 Dec 2024,Sun,,30,0%,0,0.0,0.0,"3,666.7",48.5,148.8,33.1,69.2,146.0,84.8,70.4,107.7,30.2,145.5,590.0,762.0
30 Dec 2024,Mon,,30,0%,0,0.0,0.0,"3,666.7",48.5,148.8,33.1,69.2,146.0,84.8,70.4,107.7,30.2,145.5,446.0,846.0
31 Dec 2024,Tue,New Year,30,0%,0,0.0,0.0,"3,666.7",48.5,148.8,33.1,69.2,146.0,84.8,70.4,107.7,30.2,145.5,933.0,653.0